"","Distance","Rsquare","Number"
"1",10,0.156115271957771,33
"2",20,0.0563617616000051,30
"3",30,0.0808987462414217,54
"4",40,0.0334689699943884,49
"5",50,0.0699717930173682,53
"6",60,0.0612184023515681,57
"7",70,0.210422101434036,92
"8",80,0.115386457042811,66
"9",90,0.258255518693905,77
"10",100,0.192468171866409,49
"11",200,0.158108210797211,447
"12",300,0.198851812738028,171
"13",400,0.197975725252768,71
"14",500,0.0869600724715958,40
"15",600,0.080799940721138,24
"16",700,0.136498577180011,15
"17",800,0.160490396574126,18
"18",900,0.325168143177851,18
"19",1000,0.122337435783563,9
"20",1100,0.0985279594925806,10
"21",1200,0.0896521823909297,10
"22",1300,0.699264714420023,3
"23",1400,0.154965178101926,6
"24",1500,0.0802963534497411,2
"25",1600,0,8
"26",1700,0.0926391033998318,4
"27",1800,0.223744649426594,3
"28",1900,0.0498592265146405,3
"29",2000,0.0914933439765766,1
"30",2100,0.14464828976309,5
"31",2200,0.21473575026217,2
"32",2300,0.0894709893025667,5
"33",2400,0,1
"34",2656.75,0.270234624294276,7
"35",2856.75,0.25243565016162,2
"36",3056.75,0.056052777539666,4
"37",3256.75,0.171145885686991,6
"38",3775.66666666667,0.304156776668732,6
"39",4275.66666666667,0,5
"40",4775.66666666667,0.0121428607582732,4
"41",5913.5,0.000715799911937206,6
"42",6913.5,0.110314749642811,8
"43",7913.5,0,3
"44",8913.5,0,2
