,SNP,Chr,Pos,P.value,MAF,traits
1167,PZA03734.3,3,180532956,7.516060e-07,0.2526882,GLM.dpoll
1168,PZA03735.2,3,180533322,1.912790e-06,0.2526882,GLM.dpoll
1579,PZA03754.2,4,236403295,5.059096e-08,0.2562724,GLM.dpoll
2719,PZB00736.4,9, 20516152,2.490232e-07,0.2562724,GLM.dpoll
