SNP,Chromosome,Position ,P.value,maf,nobs,Rsquare.of.Model.without.SNP,Rsquare.of.Model.with.SNP,effect,Phenotype_Variance_Explained(%)
PZA03734.3,3,180532956,7.51606001650235e-07,0.252688172043011,279,0.00316758664443684,0.0961567461278341,-310.887344760099,5.02062886780169
PZA03735.2,3,180533322,1.9127898964656e-06,0.252688172043011,279,0.00316758664443684,0.0890421828083718,-283.324005113508,13.8021547813262
PZA03754.2,4,236403295,5.05909596233077e-08,0.256272401433692,279,0.00316758664443684,0.11706981258541,-379.837425000221,41.1975985835643
PZB00736.4,9,20516152,2.49023195292377e-07,0.256272401433692,279,0.00316758664443684,0.104654266803813,-327.090247265485,33.4489972479943
